{
    "username": "socialbot@sina.com",
    "password": "1209love1026",
    "interval": 2,
    "headless": false,
    "chromeDir": "./bot3/chromedir",
    "logConf": "./bot3/log4j.properties",
    "storageHost": "192.168.3.20",
    "storagePort": 27017,
    "storageDB": "HobbyBot",
    "storageTable": "BOT3",

    "botName": "BOT3",
    "botPort": 8890,
    "tempDir": "./bot3/temp",
    "webDir": "./bot3/web",
    "groupFile": "./bot3/HobbyBot3Groups.obj",
    "groupNum": 20,
    "groupName":
    [
        "科技21组",
        "科技22组",
        "科技23组",
        "科技24组",
        "科技25组",
        "科技26组",
        "科技27组",
        "科技28组",
        "科技29组",
        "科技30组",
        "娱乐21组",
        "娱乐22组",
        "娱乐23组",
        "娱乐24组",
        "娱乐25组",
        "娱乐26组",
        "娱乐27组",
        "娱乐28组",
        "娱乐29组",
        "娱乐30组"
    ],
    "groupIni":
    [
        ["2481600572", "5665911552", "1812175903"],
        ["1220626621", "2262061943", "2194035935"],
        ["1617248032", "1649586835", "23998163"],
        ["2780826007", "1107560787", "1600243842"],
        ["1107560787", "1600243842", "1812175903"],
        ["1808449333", "2481600572", "1231317854"],
        ["5097174964", "2194035935", "1231317854"],
        ["1729014640", "2194035935", "23998163"],
        ["1730177302", "5256824744", "1200933465"],
        ["1600243842", "2262061943", "5097174964"],
        ["6289212058", "2440085024"],
        ["5439664430", "5544410300"],
        ["719201567", "5544410300"],
        ["5761190132", "3811242885"],
        ["6197131982", "6028854720"],
        ["5544410300", "1796495097"],
        ["1953014583", "6028854720"],
        ["5792290340", "1849285897"],
        ["5439664430", "1787581612"],
        ["5911813820", "2104108013"]
    ],
    "groupHobby": [
        "Tech",
        "Tech",
        "Tech",
        "Tech",
        "Tech",
        "Tech",
        "Tech",
        "Tech",
        "Tech",
        "Tech",
        "Entertainment",
        "Entertainment",
        "Entertainment",
        "Entertainment",
        "Entertainment",
        "Entertainment",
        "Entertainment",
        "Entertainment",
        "Entertainment",
        "Entertainment"
    ],
    "groupTarget": 120,
    "remoteAlterable": true,
    "fastExe": "/home/min/fastText/build2/fasttext",
    "fastModel": "/home/min/fastText/build2/exp1/6class.bin",
    "threshold": 0.7

}
