{
    "username" : "13666619281",
    "password" : "01hua231223",
    "interval": 2,
    "headless": false,
    "chromeDir": "./bot1/chromedir",
    "logConf": "./bot1/log4j.properties",
    "storageHost": "192.168.3.20",
    "storagePort": 27017,
    "storageDB": "WeiboBot",
    "storageTable": "BOT1",

    "botName": "BOT1",
    "botPort": 8888,
    "tempDir": "./bot1/temp",
    "webDir": "./bot1/web",
    "groupFile" : "./bot1/HobbyBot1Groups.obj",
    "groupNum" : 20,
    "groupName" : [
        "科技01组",
        "科技02组",
        "科技03组",
        "科技04组",
        "科技05组",
        "科技06组",
        "科技07组",
        "科技08组",
        "科技09组",
        "科技10组",
        "娱乐01组",
        "娱乐02组",
        "娱乐03组",
        "娱乐04组",
        "娱乐05组",
        "娱乐06组",
        "娱乐07组",
        "娱乐08组",
        "娱乐09组",
        "娱乐10组"
    ],
    "groupIni": [
        ["2095395984", "1715118170"],
        ["5976424681", "2136342863"],
        ["5665911552", "1808449333"],
        ["2215881863", "1135781447"],
        ["1231317854", "1805250771"],
        ["1684787123", "1730177302"],
        ["1231317854", "6094846964"],
        ["2245349133", "1568061967"],
        ["1812175903", "2194035935"],
        ["2950750955", "5274029043"],
        ["5439664430", "3811242885"],
        ["719201567", "5761190132"],
        ["6197131982", "1817445571"],
        ["3161568830", "5792290340"],
        ["1210101913", "1849285897"],
        ["6539303205", "5556432173"],
        ["5544410300", "1881657842"],
        ["1853615651", "3887045590"],
        ["1787581612", "5911813820"],
        ["1784724400", "5392453358"]
    ],
    "groupHobby": [
        "Tech",
        "Tech",
        "Tech",
        "Tech",
        "Tech",
        "Tech",
        "Tech",
        "Tech",
        "Tech",
        "Tech",
        "Entertainment",
        "Entertainment",
        "Entertainment",
        "Entertainment",
        "Entertainment",
        "Entertainment",
        "Entertainment",
        "Entertainment",
        "Entertainment",
        "Entertainment"
    ],
    "groupTarget" : 120,
    "remoteAlterable" : true,
    "fastExe" : "/home/min/fastText/build/fasttext",
    "fastModel" : "/home/min/fastText/build/exp1/6class.bin",
    "threshold" : 0.7
}