{
    "username": "17816876485",
    "password": "690807",
    "interval": 2,
    "headless": false,
    "chromeDir": "./bot2/chromedir",
    "logConf": "./bot2/log4j.properties",
    "storageHost": "192.168.3.20",
    "storagePort": 27017,
    "storageDB": "HobbyBot",
    "storageTable": "BOT2",

    "botName": "BOT2",
    "botPort": 8889,
    "tempDir": "./bot2/temp",
    "webDir": "./bot2/web",
    "groupFile": "./bot2/HobbyBot2Groups.obj",
    "groupNum": 20,
    "groupName":
    [
        "科技11组",
        "科技12组",
        "科技13组",
        "科技14组",
        "科技15组",
        "科技16组",
        "科技17组",
        "科技18组",
        "科技19组",
        "科技20组",
        "娱乐11组",
        "娱乐12组",
        "娱乐13组",
        "娱乐14组",
        "娱乐15组",
        "娱乐16组",
        "娱乐17组",
        "娱乐18组",
        "娱乐19组",
        "娱乐20组"
    ],
    "groupIni":
    [
        ["2136342863", "1200933465", "1617248032"],
        ["23998163", "2233470732", "2262061943"],
        ["2481600572", "6094846964", "1625088973"],
        ["5256824744", "1600243842", "64807699"],
        ["6265145376", "1107560787", "1400854834"],
        ["3194789262", "5097174964", "2752865883"],
        ["1951919037", "1684787123", "1220626621"],
        ["1729014640", "1684787123", "2215881863"],
        ["1649586835", "5976424681", "1951161064"],
        ["2780826007", "5274029043", "2245349133"],
        ["6402323441","2824592123"],
        ["2861234830", "2469920201"],
        ["5756266629", "277447509"],
        ["2440085024", "1796495097"],
        ["6025626023", "1861280534"],
        ["3145259400", "1953014583"],
        ["6289212058", "2118898261"],
        ["740172456", "5647411747"],
        ["6028854720", "5290158093"],
        ["549158623", "2950038257"]
    ],
    "groupHobby":
    [
        "Tech",
        "Tech",
        "Tech",
        "Tech",
        "Tech",
        "Tech",
        "Tech",
        "Tech",
        "Tech",
        "Tech",
        "Entertainment",
        "Entertainment",
        "Entertainment",
        "Entertainment",
        "Entertainment",
        "Entertainment",
        "Entertainment",
        "Entertainment",
        "Entertainment",
        "Entertainment"
    ],
    "groupTarget": 120,
    "remoteAlterable": false,
    "fastExe": "/home/min/fastText/build/fasttext",
    "fastModel": "/home/min/fastText/build/exp1/6class.bin",
    "threshold": 0.7
}