{
    "username": "minjun625@sina.com",
    "password": "1209love1026",
    "interval": 3,
    "headless": true,
    "chromeDir": "./bot4/chromedir",
    "logConf": "./bot4/log4j.properties",
    "storageHost": "192.168.3.20",
    "storagePort": 27017,
    "storageDB": "HobbyBot",
    "storageTable": "BOT4",

    "botName": "BOT4",
    "botPort": 8891,
    "tempDir": "./bot4/temp",
    "webDir": "./bot4/web",
    "groupFile": "./bot4/HobbyBot4Groups.obj",
    "groupNum": 20,
    "groupName": [
        "无偏娱乐01组",
        "无偏娱乐02组",
        "无偏娱乐03组",
        "无偏娱乐04组",
        "无偏娱乐05组",
        "无偏娱乐06组",
        "无偏娱乐07组",
        "无偏娱乐08组",
        "无偏娱乐09组",
        "无偏娱乐10组",
        "无偏娱乐11组",
        "无偏娱乐12组",
        "无偏娱乐13组",
        "无偏娱乐14组",
        "无偏娱乐15组",
        "无偏娱乐16组",
        "无偏娱乐17组",
        "无偏娱乐18组",
        "无偏娱乐19组",
        "无偏娱乐20组"
    ],
    "groupIni": [
        ["5439664430", "3811242885"],
        ["719201567", "5761190132"],
        ["3161568830", "5792290340"],
        ["1210101913", "1849285897"],
        ["5544410300", "1881657842"],
        ["1853615651", "3887045590"],
        ["1784724400", "5392453358"],
        ["6402323441","2824592123"],
        ["5756266629", "277447509"],
        ["2440085024", "1796495097"],
        ["3145259400", "1953014583"],
        ["6289212058", "2118898261"],
        ["6028854720", "5290158093"],
        ["549158623", "2950038257"],
        ["5439664430", "5544410300"],
        ["719201567", "5544410300"],
        ["6197131982", "6028854720"],
        ["5544410300", "1796495097"],
        ["5792290340", "1849285897"],
        ["5439664430", "1787581612"]
    ],
    "groupHobby": [
        "Null",
        "Null",
        "Null",
        "Null",
        "Null",
        "Null",
        "Null",
        "Null",
        "Null",
        "Null",
        "Null",
        "Null",
        "Null",
        "Null",
        "Null",
        "Null",
        "Null",
        "Null",
        "Null",
        "Null"
    ],
    "groupTarget": 120,
    "remoteAlterable": true,
    "fastExe": "/home/min/fastText/build/fasttext",
    "fastModel": "/home/min/fastText/build/model.bin",
    "threshold": 0.7
}