{
    "username": "dyc773912355@163.com",
    "password": "ZTTwoaini1314",
    "interval": 3,
    "headless": true,
    "chromeDir": "./bot5/chromedir",
    "logConf": "./bot5/log4j.properties",
    "storageHost": "192.168.3.20",
    "storagePort": 27017,
    "storageDB": "HobbyBot",
    "storageTable": "BOT5",

    "botName": "BOT5",
    "botPort": 8892,
    "tempDir": "./bot5/temp",
    "webDir": "./bot5/web",
    "groupFile": "./bot5/HobbyBot5Groups.obj",
    "groupNum": 20,
    "groupName": [
        "无偏科技01组",
        "无偏科技02组",
        "无偏科技03组",
        "无偏科技04组",
        "无偏科技05组",
        "无偏科技06组",
        "无偏科技07组",
        "无偏科技08组",
        "无偏科技09组",
        "无偏科技10组",
        "无偏科技11组",
        "无偏科技12组",
        "无偏科技13组",
        "无偏科技14组",
        "无偏科技15组",
        "无偏科技16组",
        "无偏科技17组",
        "无偏科技18组",
        "无偏科技19组",
        "无偏科技20组"
    ],
    "groupIni": [
        ["2095395984", "1715118170"],
        ["5976424681", "2136342863"],
        ["2215881863", "1135781447"],
        ["1231317854", "1805250771"],
        ["1231317854", "6094846964"],
        ["2245349133", "1568061967"],
        ["2950750955", "5274029043"],
        ["2136342863", "1200933465", "1617248032"],
        ["2481600572", "6094846964", "1625088973"],
        ["5256824744", "1600243842", "64807699"],
        ["3194789262", "5097174964", "2752865883"],
        ["1951919037", "1684787123", "1220626621"],
        ["1649586835", "5976424681", "1951161064"],
        ["2780826007", "5274029043", "2245349133"],
        ["1220626621", "2262061943", "2194035935"],
        ["1617248032", "1649586835", "23998163"],
        ["1107560787", "1600243842", "1812175903"],
        ["1808449333", "2481600572", "1231317854"],
        ["1729014640", "2194035935", "23998163"],
        ["1730177302", "5256824744", "1200933465"]
    ],
    "groupHobby": [
        "Null",
        "Null",
        "Null",
        "Null",
        "Null",
        "Null",
        "Null",
        "Null",
        "Null",
        "Null",
        "Null",
        "Null",
        "Null",
        "Null",
        "Null",
        "Null",
        "Null",
        "Null",
        "Null",
        "Null"
    ],
    "groupTarget": 120,
    "remoteAlterable": true,
    "fastExe": "/home/min/fastText/build/fasttext",
    "fastModel": "/home/min/fastText/build/model.bin",
    "threshold": 0.7
}